day,date,cohort
NO CLASS for students  / PD Morning for staff,2020-10-09,NO CLASS For Students - Morning PD for Staff
NO CLASS for student and staff,2020-10-12,NO CLASS for staff and students
Day 4-1,2020-10-13,Senior School Cohort #1 on campus
Day 4-2,2020-10-14,Senior School Cohort #2 on campus
Day 5-1,2020-10-15,Senior School Cohort #1 on campus
Day 5-2,2020-10-16,Senior School Cohort #2 on campus
Day 6-1,2020-10-19,Senior School Cohort #1 on campus
Day 6-2,2020-10-20,Senior School Cohort #2 on campus
Day 7-1,2020-10-21,Senior School Cohort #1 on campus
Day 7-2,2020-10-22,Senior School Cohort #2 on campus
Day 8-1,2020-10-23,Senior School Cohort #1 on campus
Day 8-2,2020-10-26,Senior School Cohort #2 on campus
Day 1-1,2020-10-27,Senior School Cohort #1 on campus
Day 1-2,2020-10-28,Senior School Cohort #2 on campus
Day 2-1,2020-10-29,Senior School Cohort #1 on campus
Day 2-2,2020-10-30,Senior School Cohort #2 on campus
Day 3-1,2020-11-02,Senior School Cohort #1 on campus
Day 3-2,2020-11-03,Senior School Cohort #2 on campus
Day 4-1,2020-11-04,Senior School Cohort #1 on campus
Day 4-2,2020-11-05,Senior School Cohort #2 on campus
Day 5-1,2020-11-06,Senior School Cohort #1 on campus
Day 5-2,2020-11-09,Senior School Cohort #2 on campus
Day 6-1,2020-11-10,Senior School Cohort #1 on campus
Day 6-2,2020-11-11,Senior School Cohort #2 on campus
Day 7-1,2020-11-12,Senior School Cohort #1 on campus
Day 7-2,2020-11-17,Senior School Cohort #2 on campus
Day 8-1,2020-11-18,Senior School Cohort #1 on campus
Day 8-2,2020-11-19,Senior School Cohort #2 on campus
Day 1-1 (Half Day),2020-11-20,Early Departure for Students - Senior School Cohort #1 on campus
Day 1-2,2020-11-23,Senior School Cohort #2 on campus
Day 2-1,2020-11-24,Senior School Cohort #1 on campus
Day 2-2,2020-11-25,Senior School Cohort #2 on campus
Day 3-1,2020-11-26,Senior School Cohort #1 on campus
Day 3-2,2020-11-27,Senior School Cohort #2 on campus
Day 4-1,2020-11-30,Senior School Cohort #1 on campus
Day 4-2,2020-12-01,Senior School Cohort #2 on campus
Day 5-1,2020-12-02,Senior School Cohort #1 on campus
Day 5-2,2020-12-03,Senior School Cohort #2 on campus
Day 6-1 (Half Day),2020-12-04,Early Departure for Students - Senior School Cohort #1 on campus
Day 6-2,2020-12-07,Senior School Cohort #2 on campus
Day 7-1,2020-12-08,Senior School Cohort #1 on campus
Day 7-2,2020-12-09,Senior School Cohort #2 on campus
Day 8-1,2020-12-10,Senior School Cohort #1 on campus
Day 8-2,2020-12-11,Senior School Cohort #2 on campus
Day 1-1,2020-12-14,Senior School Cohort #1 on campus
Day 1-2,2020-12-15,Senior School Cohort #2 on campus
Day 2-1,2020-12-16,Senior School Cohort #1 on campus
Day 2-2,2020-12-17,Senior School Cohort #2 on campus
Day 3-1,2020-12-18,Senior School Cohort #1 on campus
Day 3-2,2021-01-04,Senior School Cohort #2 on campus
Day 4-1,2021-01-05,Senior School Cohort #1 on campus
Day 4-2,2021-01-06,Senior School Cohort #2 on campus
Day 5-1,2021-01-07,Senior School Cohort #1 on campus
Day 5-2,2021-01-08,Senior School Cohort #2 on campus
Day 6-1,2021-01-11,Senior School Cohort #1 on campus
Day 6-2,2021-01-12,Senior School Cohort #2 on campus
Day 7-1,2021-01-13,Senior School Cohort #1 on campus
Day 7-2,2021-01-14,Senior School Cohort #2 on campus
Day 8-1,2021-01-15,Senior School Cohort #1 on campus
Day 8-2,2021-01-18,Senior School Cohort #2 on campus
Day 1-1,2021-01-19,Senior School Cohort #1 on campus
Day 1-2,2021-01-20,Senior School Cohort #2 on campus
Day 2-1,2021-01-21,Senior School Cohort #1 on campus
Day 2-2 (Half Day),2021-01-22,Early Departure for Students - Senior School Cohort # 2 on campus
Day 3-1,2021-01-25,Senior School Cohort #1 on campus
Day 3-2,2021-01-26,Senior School Cohort #2 on campus
Day 4-1,2021-01-27,Senior School Cohort #1 on campus
Day 4-2,2021-01-28,Senior School Cohort #2 on campus
Day 5-1,2021-01-29,Senior School Cohort #1 on campus
Day 5-2,2021-02-01,Senior School Cohort #2 on campus
Day 6-1,2021-02-02,Senior School Cohort #1 on campus
Day 6-2,2021-02-03,Senior School Cohort #2 on campus
Day 7-1,2021-02-04,Senior School Cohort #1 on campus
Day 7-2,2021-02-05,Senior School Cohort #2 on campus
Day 8-1,2021-02-08,Senior School Cohort #1 on campus
Day 8-2,2021-02-09,Senior School Cohort #2 on campus
Day 1-1,2021-02-10,Senior School Cohort #1 on campus
Day 1-2,2021-02-11,Senior School Cohort #2 on campus
Day 2-1,2021-02-16,Senior School Cohort #1 on campus
Day 2-2,2021-02-17,Senior School Cohort #2 on campus
Day 3-1,2021-02-18,Senior School Cohort #1 on campus
Day 3-2,2021-02-19,Senior School Cohort #2 on campus
Day 4-1,2021-02-22,Senior School Cohort #1 on campus
Day 4-2,2021-02-23,Senior School Cohort #2 on campus
Day 5-1,2021-02-24,Senior School Cohort #1 on campus
Day 5-2,2021-02-25,Senior School Cohort #2 on campus
Day 6-1,2021-02-26,Senior School Cohort #1 on campus
Day 6-2,2021-03-01,Senior School Cohort #2 on campus
Day 7-1,2021-03-02,Senior School Cohort #1 on campus
Day 7-2,2021-03-03,Senior School Cohort #2 on campus
Day 8-1,2021-03-04,Senior School Cohort #1 on campus
Day 8-2 (Half Day),2021-03-05,Early Departure for Students - Senior School Cohort #2 on campus
Day 1-1,2021-03-22,Senior School Cohort #1 on campus
Day 1-2,2021-03-23,Senior School Cohort #2 on campus
Day 2-1,2021-03-24,Senior School Cohort #1 on campus
Day 2-2,2021-03-25,Senior School Cohort #2 on campus
Day 3-1,2021-03-26,Senior School Cohort #1 on campus
Day 3-2,2021-03-29,Senior School Cohort #2 on campus
Day 4-1,2021-03-30,Senior School Cohort #1 on campus
Day 4-2,2021-03-31,Senior School Cohort #2 on campus
Day 5-1,2021-04-01,Senior School Cohort #1 on campus
Day 5-2,2021-04-06,Senior School Cohort #2 on campus
Day 6-1,2021-04-07,Senior School Cohort #1 on campus
Day 6-2,2021-04-08,Senior School Cohort #2 on campus
Day 7-1,2021-04-09,Senior School Cohort #1 on campus
Day 7-2,2021-04-12,Senior School Cohort #2 on campus
Day 8-1,2021-04-13,Senior School Cohort #1 on campus
Day 8-2,2021-04-14,Senior School Cohort #2 on campus
Day 1-1,2021-04-15,Senior School Cohort #1 on campus
Day 1-2,2021-04-16,Senior School Cohort #2 on campus
Day 2-1,2021-04-19,Senior School Cohort #1 on campus
Day 2-2,2021-04-20,Senior School Cohort #2 on campus
Day 3-1,2021-04-21,Senior School Cohort #1 on campus
Day 3-2,2021-04-22,Senior School Cohort #2 on campus
Day 4-1,2021-04-23,Senior School Cohort #1 on campus
Day 4-2,2021-04-26,Senior School Cohort #2 on campus
Day 5-1,2021-04-27,Senior School Cohort #1 on campus
Day 5-2,2021-04-28,Senior School Cohort #2 on campus
Day 6-1,2021-04-29,Senior School Cohort #1 on campus
Day 6-2,2021-04-30,Senior School Cohort #2 on campus
Day 7-1,2021-05-03,Senior School Cohort #1 on campus
Day 7-2,2021-05-04,Senior School Cohort #2 on campus
Day 8-1,2021-05-05,Senior School Cohort #1 on campus
Day 8-2,2021-05-06,Senior School Cohort #2 on campus
Day 1-1,2021-05-07,Senior School Cohort #1 on campus
Day 1-2,2021-05-10,Senior School Cohort #2 on campus
Day 2-1,2021-05-11,Senior School Cohort #1 on campus
Day 2-2,2021-05-12,Senior School Cohort #2 on campus
Day 3-1,2021-05-13,Senior School Cohort #1 on campus
Day 3-2,2021-05-14,Senior School Cohort #2 on campus
Day 4-1,2021-05-17,Senior School Cohort #1 on campus
Day 4-2,2021-05-18,Senior School Cohort #2 on campus
Day 5-1,2021-05-19,Senior School Cohort #1 on campus
Day 5-2,2021-05-20,Senior School Cohort #2 on campus
Day 6-1,2021-05-25,Senior School Cohort #1 on campus
Day 6-2,2021-05-26,Senior School Cohort #2 on campus
Day 7-1,2021-05-27,Senior School Cohort #1 on campus
Day 7-2,2021-05-28,Senior School Cohort #2 on campus
Day 8-1,2021-05-31,Senior School Cohort #1 on campus
Day 8-2,2021-06-01,Senior School Cohort #2 on campus
Day 1-1,2021-06-02,Senior School Cohort #1 on campus
Day 1-2,2021-06-03,Senior School Cohort #2 on campus
Day 2-1,2021-06-04,Senior School Cohort #1 on campus
Day 2-2,2021-06-07,Senior School Cohort #2 on campus
Day 3-1,2021-06-08,Senior School Cohort #1 on campus
Day 3-2,2021-06-09,Senior School Cohort #2 on campus
Day 4-1,2021-06-10,Senior School Cohort #1 on campus
Day 4-2,2021-06-11,Senior School Cohort #2 on campus
Day 5-1,2021-06-14,Senior School Cohort #1 on campus
Day 5-2,2021-06-15,Senior School Cohort #2 on campus
Day 6-1,2021-06-16,Senior School Cohort #1 on campus
Day 6-2,2021-06-17,Senior School Cohort #2 on campus
Day 7-1 (Last Day of School),2021-06-18,Last Day of School - Senior School Cohort #1 on campus
